Emp ID,First Name,Last Name,SSN,User Name,Password
111115,Carri,Ryles,516-49-5647,cqryles,1LF>eva~qpLs
111117,Claudio,Garceau,223-99-9548,cngarceau,SOXirxWqe
111118,Jeffry,Rowell,360-08-3015,jdrowell,KhyRZW0ZL|]
111138,Marylynn,Pugh,645-29-5413,mgpugh,S6BDhFj0
111141,Matthew,Merlin,332-11-2831,mkmerlin,4L<DKiSEC
111148,Marcus,Vandeusen,596-94-3951,mvvandeusen,i46G5V;VI/k
111169,Tomas,Dycus,433-99-4710,trdycus,j$^4}Qj~]QR#
111176,Jeremiah,Monks,244-99-5757,jsmonks,7X{!Y.O:<@
111186,Janet,Rolling,507-57-0655,jarolling,elR#t3Id0]_nP>X
111190,Cruz,Beaudry,235-57-0810,cvbeaudry,fD}Bt&S5!a_
111198,Simone,Desimone,046-15-5437,swdesimone,st%q}4jJ9
111225,Ned,Burdick,210-84-9965,njburdick,QfC#3XcE\D%vp
111264,Lon,Hedman,578-53-2913,lchedman,7w5uj[b}XQy
111265,Bettyann,Longwell,327-11-6355,brlongwell,iP|5{aKN
111266,Greg,Myrick,030-92-8974,gfmyrick,pckRYi]Y1Ij!<yx
111272,Shavonne,Grisham,241-99-6486,sbgrisham,uBtBCK.F:oo1
111274,Rodger,Cisneros,712-18-6547,rhcisneros,P#UD9_DhsN&_
111288,Cory,Simoes,146-23-9372,cmsimoes,g38$EdCXc@acG
111295,Angelena,Hepworth,401-73-6317,aqhepworth,Dm9*{atrfdW